{
  "version": 1,
  "modelType": "logistic_regression_sgd",
  "featureNames": [
    "breaks_bomb",
    "candidate_length_norm",
    "candidate_power_norm",
    "engine_score_norm",
    "hand_count_norm",
    "hand_rank_10_norm",
    "hand_rank_2_norm",
    "hand_rank_3_norm",
    "hand_rank_4_norm",
    "hand_rank_5_norm",
    "hand_rank_6_norm",
    "hand_rank_7_norm",
    "hand_rank_8_norm",
    "hand_rank_9_norm",
    "hand_rank_A_norm",
    "hand_rank_J_norm",
    "hand_rank_K_norm",
    "hand_rank_Q_norm",
    "must_beat_power_norm",
    "must_type_Bomb",
    "must_type_ConsecutivePairs",
    "must_type_Invalid",
    "must_type_JokerBomb",
    "must_type_Pair",
    "must_type_Pass",
    "must_type_Plane",
    "must_type_Single",
    "must_type_Straight",
    "must_type_StraightFlush",
    "must_type_Triple",
    "must_type_TripleWithPair",
    "opp_max_norm",
    "opp_min_norm",
    "opponent_owns_trick",
    "partner_norm",
    "partner_owns_trick",
    "play_type_Bomb",
    "play_type_ConsecutivePairs",
    "play_type_Invalid",
    "play_type_JokerBomb",
    "play_type_Pair",
    "play_type_Pass",
    "play_type_Plane",
    "play_type_Single",
    "play_type_Straight",
    "play_type_StraightFlush",
    "play_type_Triple",
    "play_type_TripleWithPair",
    "seat_norm",
    "tier_weight"
  ],
  "weights": [
    0.3033464982879685,
    -1.4814607702730762,
    -1.7207921655968579,
    -3.586973378543154,
    -2.1323126828744607,
    0.2060536586375042,
    1.279178921406674,
    -0.5119588417916847,
    -0.23131516254094106,
    0.13693929892637555,
    -0.36970856990096873,
    -0.21389606258176352,
    -0.017065982359797224,
    0.12981991795899614,
    -0.2218436289991977,
    0.3434293336876139,
    -0.15230712795605197,
    0.06733440015530426,
    1.9289889758946213,
    0.2891848644354856,
    0.6804410998753297,
    0,
    0.009425983128300234,
    0.0385002395877958,
    0,
    0,
    -1.8483124861407056,
    0.33872119928131966,
    -0.4305231811331467,
    0.6813086249917855,
    0.34655120573811876,
    -0.8562245055931352,
    -0.660000312735859,
    0.2085816574099968,
    -0.18450098037174406,
    -0.10328410764574146,
    1.6523712057154776,
    0.6659087451373291,
    0,
    -1.3202990455708337,
    -0.059251079865688255,
    2.21385071265445,
    0.11958794390703434,
    -1.0165859915007127,
    -0.9491052750719465,
    0.7246295794125216,
    -0.2555759003669367,
    -0.5598640650236745,
    0.057716288720921584,
    0.18235002441406836
  ],
  "bias": 1.2156668294271755
}